EXIST2022	0	misogyny-non-sexual-violence
EXIST2022	1	ideological-inequality
EXIST2022	2	ideological-inequality
EXIST2022	3	objectification
EXIST2022	4	misogyny-non-sexual-violence
EXIST2022	5	ideological-inequality
EXIST2022	6	sexual-violence
EXIST2022	7	ideological-inequality
EXIST2022	8	non-sexist
EXIST2022	9	ideological-inequality
EXIST2022	10	ideological-inequality
EXIST2022	11	ideological-inequality
EXIST2022	12	ideological-inequality
EXIST2022	13	ideological-inequality
EXIST2022	14	misogyny-non-sexual-violence
EXIST2022	15	ideological-inequality
EXIST2022	16	ideological-inequality
EXIST2022	17	ideological-inequality
EXIST2022	18	ideological-inequality
EXIST2022	19	ideological-inequality
EXIST2022	20	objectification
EXIST2022	21	ideological-inequality
EXIST2022	22	non-sexist
EXIST2022	23	ideological-inequality
EXIST2022	24	ideological-inequality
EXIST2022	25	ideological-inequality
EXIST2022	26	ideological-inequality
EXIST2022	27	stereotyping-dominance
EXIST2022	28	ideological-inequality
EXIST2022	29	sexual-violence
EXIST2022	30	ideological-inequality
EXIST2022	31	ideological-inequality
EXIST2022	32	objectification
EXIST2022	33	ideological-inequality
EXIST2022	34	non-sexist
EXIST2022	35	ideological-inequality
EXIST2022	36	ideological-inequality
EXIST2022	37	ideological-inequality
EXIST2022	38	stereotyping-dominance
EXIST2022	39	stereotyping-dominance
EXIST2022	40	ideological-inequality
EXIST2022	41	ideological-inequality
EXIST2022	42	non-sexist
EXIST2022	43	objectification
EXIST2022	44	ideological-inequality
EXIST2022	45	ideological-inequality
EXIST2022	46	misogyny-non-sexual-violence
EXIST2022	47	ideological-inequality
EXIST2022	48	ideological-inequality
EXIST2022	49	ideological-inequality
EXIST2022	50	ideological-inequality
EXIST2022	51	ideological-inequality
EXIST2022	52	sexual-violence
EXIST2022	53	stereotyping-dominance
EXIST2022	54	ideological-inequality
EXIST2022	55	ideological-inequality
EXIST2022	56	ideological-inequality
EXIST2022	57	misogyny-non-sexual-violence
EXIST2022	58	ideological-inequality
EXIST2022	59	ideological-inequality
EXIST2022	60	ideological-inequality
EXIST2022	61	objectification
EXIST2022	62	ideological-inequality
EXIST2022	63	misogyny-non-sexual-violence
EXIST2022	64	ideological-inequality
EXIST2022	65	ideological-inequality
EXIST2022	66	sexual-violence
EXIST2022	67	ideological-inequality
EXIST2022	68	ideological-inequality
EXIST2022	69	ideological-inequality
EXIST2022	70	sexual-violence
EXIST2022	71	stereotyping-dominance
EXIST2022	72	ideological-inequality
EXIST2022	73	sexual-violence
EXIST2022	74	non-sexist
EXIST2022	75	stereotyping-dominance
EXIST2022	76	ideological-inequality
EXIST2022	77	sexual-violence
EXIST2022	78	ideological-inequality
EXIST2022	79	non-sexist
EXIST2022	80	ideological-inequality
EXIST2022	81	ideological-inequality
EXIST2022	82	ideological-inequality
EXIST2022	83	stereotyping-dominance
EXIST2022	84	sexual-violence
EXIST2022	85	ideological-inequality
EXIST2022	86	non-sexist
EXIST2022	87	misogyny-non-sexual-violence
EXIST2022	88	ideological-inequality
EXIST2022	89	ideological-inequality
EXIST2022	90	ideological-inequality
EXIST2022	91	objectification
EXIST2022	92	non-sexist
EXIST2022	93	ideological-inequality
EXIST2022	94	non-sexist
EXIST2022	95	stereotyping-dominance
EXIST2022	96	ideological-inequality
EXIST2022	97	non-sexist
EXIST2022	98	ideological-inequality
EXIST2022	99	non-sexist
EXIST2022	100	ideological-inequality
EXIST2022	101	ideological-inequality
EXIST2022	102	sexual-violence
EXIST2022	103	ideological-inequality
EXIST2022	104	ideological-inequality
EXIST2022	105	stereotyping-dominance
EXIST2022	106	non-sexist
EXIST2022	107	ideological-inequality
EXIST2022	108	sexual-violence
EXIST2022	109	ideological-inequality
EXIST2022	110	stereotyping-dominance
EXIST2022	111	sexual-violence
EXIST2022	112	objectification
EXIST2022	113	ideological-inequality
EXIST2022	114	stereotyping-dominance
EXIST2022	115	non-sexist
EXIST2022	116	non-sexist
EXIST2022	117	ideological-inequality
EXIST2022	118	non-sexist
EXIST2022	119	non-sexist
EXIST2022	120	stereotyping-dominance
EXIST2022	121	sexual-violence
EXIST2022	122	ideological-inequality
EXIST2022	123	sexual-violence
EXIST2022	124	objectification
EXIST2022	125	stereotyping-dominance
EXIST2022	126	ideological-inequality
EXIST2022	127	sexual-violence
EXIST2022	128	stereotyping-dominance
EXIST2022	129	objectification
EXIST2022	130	ideological-inequality
EXIST2022	131	non-sexist
EXIST2022	132	stereotyping-dominance
EXIST2022	133	misogyny-non-sexual-violence
EXIST2022	134	objectification
EXIST2022	135	ideological-inequality
EXIST2022	136	ideological-inequality
EXIST2022	137	stereotyping-dominance
EXIST2022	138	ideological-inequality
EXIST2022	139	ideological-inequality
EXIST2022	140	sexual-violence
EXIST2022	141	non-sexist
EXIST2022	142	ideological-inequality
EXIST2022	143	ideological-inequality
EXIST2022	144	ideological-inequality
EXIST2022	145	sexual-violence
EXIST2022	146	ideological-inequality
EXIST2022	147	objectification
EXIST2022	148	stereotyping-dominance
EXIST2022	149	misogyny-non-sexual-violence
EXIST2022	150	ideological-inequality
EXIST2022	151	misogyny-non-sexual-violence
EXIST2022	152	ideological-inequality
EXIST2022	153	sexual-violence
EXIST2022	154	stereotyping-dominance
EXIST2022	155	stereotyping-dominance
EXIST2022	156	ideological-inequality
EXIST2022	157	ideological-inequality
EXIST2022	158	non-sexist
EXIST2022	159	ideological-inequality
EXIST2022	160	ideological-inequality
EXIST2022	161	ideological-inequality
EXIST2022	162	stereotyping-dominance
EXIST2022	163	ideological-inequality
EXIST2022	164	non-sexist
EXIST2022	165	ideological-inequality
EXIST2022	166	objectification
EXIST2022	167	ideological-inequality
EXIST2022	168	sexual-violence
EXIST2022	169	ideological-inequality
EXIST2022	170	ideological-inequality
EXIST2022	171	misogyny-non-sexual-violence
EXIST2022	172	ideological-inequality
EXIST2022	173	non-sexist
EXIST2022	174	ideological-inequality
EXIST2022	175	ideological-inequality
EXIST2022	176	sexual-violence
EXIST2022	177	non-sexist
EXIST2022	178	ideological-inequality
EXIST2022	179	ideological-inequality
EXIST2022	180	ideological-inequality
EXIST2022	181	ideological-inequality
EXIST2022	182	sexual-violence
EXIST2022	183	ideological-inequality
EXIST2022	184	ideological-inequality
EXIST2022	185	ideological-inequality
EXIST2022	186	ideological-inequality
EXIST2022	187	ideological-inequality
EXIST2022	188	ideological-inequality
EXIST2022	189	stereotyping-dominance
EXIST2022	190	ideological-inequality
EXIST2022	191	objectification
EXIST2022	192	non-sexist
EXIST2022	193	stereotyping-dominance
EXIST2022	194	ideological-inequality
EXIST2022	195	non-sexist
EXIST2022	196	objectification
EXIST2022	197	ideological-inequality
EXIST2022	198	stereotyping-dominance
EXIST2022	199	ideological-inequality
EXIST2022	200	misogyny-non-sexual-violence
EXIST2022	201	ideological-inequality
EXIST2022	202	non-sexist
EXIST2022	203	ideological-inequality
EXIST2022	204	ideological-inequality
EXIST2022	205	ideological-inequality
EXIST2022	206	non-sexist
EXIST2022	207	objectification
EXIST2022	208	ideological-inequality
EXIST2022	209	ideological-inequality
EXIST2022	210	sexual-violence
EXIST2022	211	stereotyping-dominance
EXIST2022	212	ideological-inequality
EXIST2022	213	ideological-inequality
EXIST2022	214	objectification
EXIST2022	215	non-sexist
EXIST2022	216	stereotyping-dominance
EXIST2022	217	ideological-inequality
EXIST2022	218	ideological-inequality
EXIST2022	219	ideological-inequality
EXIST2022	220	misogyny-non-sexual-violence
EXIST2022	221	sexual-violence
EXIST2022	222	ideological-inequality
EXIST2022	223	ideological-inequality
EXIST2022	224	ideological-inequality
EXIST2022	225	ideological-inequality
EXIST2022	226	stereotyping-dominance
EXIST2022	227	ideological-inequality
EXIST2022	228	non-sexist
EXIST2022	229	non-sexist
EXIST2022	230	non-sexist
EXIST2022	231	misogyny-non-sexual-violence
EXIST2022	232	objectification
EXIST2022	233	ideological-inequality
EXIST2022	234	non-sexist
EXIST2022	235	ideological-inequality
EXIST2022	236	ideological-inequality
EXIST2022	237	ideological-inequality
EXIST2022	238	ideological-inequality
EXIST2022	239	ideological-inequality
EXIST2022	240	sexual-violence
EXIST2022	241	ideological-inequality
EXIST2022	242	ideological-inequality
EXIST2022	243	non-sexist
EXIST2022	244	ideological-inequality
EXIST2022	245	stereotyping-dominance
EXIST2022	246	non-sexist
EXIST2022	247	ideological-inequality
EXIST2022	248	ideological-inequality
EXIST2022	249	ideological-inequality
EXIST2022	250	objectification
EXIST2022	251	ideological-inequality
EXIST2022	252	ideological-inequality
EXIST2022	253	ideological-inequality
EXIST2022	254	ideological-inequality
EXIST2022	255	ideological-inequality
EXIST2022	256	ideological-inequality
EXIST2022	257	sexual-violence
EXIST2022	258	ideological-inequality
EXIST2022	259	ideological-inequality
EXIST2022	260	objectification
EXIST2022	261	misogyny-non-sexual-violence
EXIST2022	262	misogyny-non-sexual-violence
EXIST2022	263	ideological-inequality
EXIST2022	264	ideological-inequality
EXIST2022	265	stereotyping-dominance
EXIST2022	266	stereotyping-dominance
EXIST2022	267	stereotyping-dominance
EXIST2022	268	stereotyping-dominance
EXIST2022	269	stereotyping-dominance
EXIST2022	270	ideological-inequality
EXIST2022	271	sexual-violence
EXIST2022	272	ideological-inequality
EXIST2022	273	ideological-inequality
EXIST2022	274	ideological-inequality
EXIST2022	275	objectification
EXIST2022	276	non-sexist
EXIST2022	277	ideological-inequality
EXIST2022	278	ideological-inequality
EXIST2022	279	ideological-inequality
EXIST2022	280	sexual-violence
EXIST2022	281	ideological-inequality
EXIST2022	282	ideological-inequality
EXIST2022	283	stereotyping-dominance
EXIST2022	284	ideological-inequality
EXIST2022	285	ideological-inequality
EXIST2022	286	stereotyping-dominance
EXIST2022	287	misogyny-non-sexual-violence
EXIST2022	288	ideological-inequality
EXIST2022	289	misogyny-non-sexual-violence
EXIST2022	290	stereotyping-dominance
EXIST2022	291	ideological-inequality
EXIST2022	292	ideological-inequality
EXIST2022	293	stereotyping-dominance
EXIST2022	294	ideological-inequality
EXIST2022	295	stereotyping-dominance
EXIST2022	296	ideological-inequality
EXIST2022	297	misogyny-non-sexual-violence
EXIST2022	298	ideological-inequality
EXIST2022	299	sexual-violence
EXIST2022	300	non-sexist
EXIST2022	301	ideological-inequality
EXIST2022	302	ideological-inequality
EXIST2022	303	objectification
EXIST2022	304	stereotyping-dominance
EXIST2022	305	ideological-inequality
EXIST2022	306	ideological-inequality
EXIST2022	307	sexual-violence
EXIST2022	308	ideological-inequality
EXIST2022	309	non-sexist
EXIST2022	310	ideological-inequality
EXIST2022	311	ideological-inequality
EXIST2022	312	ideological-inequality
EXIST2022	313	ideological-inequality
EXIST2022	314	objectification
EXIST2022	315	stereotyping-dominance
EXIST2022	316	ideological-inequality
EXIST2022	317	misogyny-non-sexual-violence
EXIST2022	318	objectification
EXIST2022	319	ideological-inequality
EXIST2022	320	stereotyping-dominance
EXIST2022	321	ideological-inequality
EXIST2022	322	ideological-inequality
EXIST2022	323	non-sexist
EXIST2022	324	misogyny-non-sexual-violence
EXIST2022	325	ideological-inequality
EXIST2022	326	ideological-inequality
EXIST2022	327	non-sexist
EXIST2022	328	misogyny-non-sexual-violence
EXIST2022	329	ideological-inequality
EXIST2022	330	ideological-inequality
EXIST2022	331	objectification
EXIST2022	332	non-sexist
EXIST2022	333	ideological-inequality
EXIST2022	334	ideological-inequality
EXIST2022	335	ideological-inequality
EXIST2022	336	ideological-inequality
EXIST2022	337	stereotyping-dominance
EXIST2022	338	non-sexist
EXIST2022	339	ideological-inequality
EXIST2022	340	non-sexist
EXIST2022	341	ideological-inequality
EXIST2022	342	misogyny-non-sexual-violence
EXIST2022	343	ideological-inequality
EXIST2022	344	ideological-inequality
EXIST2022	345	ideological-inequality
EXIST2022	346	objectification
EXIST2022	347	sexual-violence
EXIST2022	348	non-sexist
EXIST2022	349	ideological-inequality
EXIST2022	350	ideological-inequality
EXIST2022	351	non-sexist
EXIST2022	352	ideological-inequality
EXIST2022	353	ideological-inequality
EXIST2022	354	non-sexist
EXIST2022	355	ideological-inequality
EXIST2022	356	ideological-inequality
EXIST2022	357	ideological-inequality
EXIST2022	358	ideological-inequality
EXIST2022	359	misogyny-non-sexual-violence
EXIST2022	360	ideological-inequality
EXIST2022	361	ideological-inequality
EXIST2022	362	objectification
EXIST2022	363	stereotyping-dominance
EXIST2022	364	ideological-inequality
EXIST2022	365	ideological-inequality
EXIST2022	366	objectification
EXIST2022	367	sexual-violence
EXIST2022	368	ideological-inequality
EXIST2022	369	misogyny-non-sexual-violence
EXIST2022	370	sexual-violence
EXIST2022	371	ideological-inequality
EXIST2022	372	ideological-inequality
EXIST2022	373	ideological-inequality
EXIST2022	374	ideological-inequality
EXIST2022	375	ideological-inequality
EXIST2022	376	ideological-inequality
EXIST2022	377	ideological-inequality
EXIST2022	378	sexual-violence
EXIST2022	379	ideological-inequality
EXIST2022	380	stereotyping-dominance
EXIST2022	381	stereotyping-dominance
EXIST2022	382	ideological-inequality
EXIST2022	383	ideological-inequality
EXIST2022	384	ideological-inequality
EXIST2022	385	ideological-inequality
EXIST2022	386	stereotyping-dominance
EXIST2022	387	ideological-inequality
EXIST2022	388	ideological-inequality
EXIST2022	389	objectification
EXIST2022	390	ideological-inequality
EXIST2022	391	ideological-inequality
EXIST2022	392	ideological-inequality
EXIST2022	393	ideological-inequality
EXIST2022	394	non-sexist
EXIST2022	395	non-sexist
EXIST2022	396	ideological-inequality
EXIST2022	397	non-sexist
EXIST2022	398	ideological-inequality
EXIST2022	399	misogyny-non-sexual-violence
EXIST2022	400	non-sexist
EXIST2022	401	ideological-inequality
EXIST2022	402	ideological-inequality
EXIST2022	403	ideological-inequality
EXIST2022	404	ideological-inequality
EXIST2022	405	objectification
EXIST2022	406	ideological-inequality
EXIST2022	407	misogyny-non-sexual-violence
EXIST2022	408	ideological-inequality
EXIST2022	409	ideological-inequality
EXIST2022	410	objectification
EXIST2022	411	ideological-inequality
EXIST2022	412	non-sexist
EXIST2022	413	ideological-inequality
EXIST2022	414	stereotyping-dominance
EXIST2022	415	sexual-violence
EXIST2022	416	objectification
EXIST2022	417	ideological-inequality
EXIST2022	418	objectification
EXIST2022	419	non-sexist
EXIST2022	420	sexual-violence
EXIST2022	421	ideological-inequality
EXIST2022	422	misogyny-non-sexual-violence
EXIST2022	423	ideological-inequality
EXIST2022	424	non-sexist
EXIST2022	425	ideological-inequality
EXIST2022	426	ideological-inequality
EXIST2022	427	ideological-inequality
EXIST2022	428	ideological-inequality
EXIST2022	429	non-sexist
EXIST2022	430	ideological-inequality
EXIST2022	431	ideological-inequality
EXIST2022	432	sexual-violence
EXIST2022	433	non-sexist
EXIST2022	434	stereotyping-dominance
EXIST2022	435	ideological-inequality
EXIST2022	436	non-sexist
EXIST2022	437	ideological-inequality
EXIST2022	438	stereotyping-dominance
EXIST2022	439	ideological-inequality
EXIST2022	440	ideological-inequality
EXIST2022	441	sexual-violence
EXIST2022	442	ideological-inequality
EXIST2022	443	non-sexist
EXIST2022	444	objectification
EXIST2022	445	ideological-inequality
EXIST2022	446	ideological-inequality
EXIST2022	447	ideological-inequality
EXIST2022	448	ideological-inequality
EXIST2022	449	non-sexist
EXIST2022	450	ideological-inequality
EXIST2022	451	ideological-inequality
EXIST2022	452	ideological-inequality
EXIST2022	453	misogyny-non-sexual-violence
EXIST2022	454	objectification
EXIST2022	455	ideological-inequality
EXIST2022	456	ideological-inequality
EXIST2022	457	ideological-inequality
EXIST2022	458	ideological-inequality
EXIST2022	459	ideological-inequality
EXIST2022	460	non-sexist
EXIST2022	461	ideological-inequality
EXIST2022	462	stereotyping-dominance
EXIST2022	463	ideological-inequality
EXIST2022	464	ideological-inequality
EXIST2022	465	ideological-inequality
EXIST2022	466	sexual-violence
EXIST2022	467	ideological-inequality
EXIST2022	468	ideological-inequality
EXIST2022	469	stereotyping-dominance
EXIST2022	470	ideological-inequality
EXIST2022	471	ideological-inequality
EXIST2022	472	non-sexist
EXIST2022	473	non-sexist
EXIST2022	474	ideological-inequality
EXIST2022	475	ideological-inequality
EXIST2022	476	misogyny-non-sexual-violence
EXIST2022	477	ideological-inequality
EXIST2022	478	ideological-inequality
EXIST2022	479	ideological-inequality
EXIST2022	480	ideological-inequality
EXIST2022	481	objectification
EXIST2022	482	stereotyping-dominance
EXIST2022	483	ideological-inequality
EXIST2022	484	ideological-inequality
EXIST2022	485	ideological-inequality
EXIST2022	486	ideological-inequality
EXIST2022	487	ideological-inequality
EXIST2022	488	ideological-inequality
EXIST2022	489	ideological-inequality
EXIST2022	490	objectification
EXIST2022	491	misogyny-non-sexual-violence
EXIST2022	492	ideological-inequality
EXIST2022	493	objectification
EXIST2022	494	ideological-inequality
EXIST2022	495	ideological-inequality
EXIST2022	496	ideological-inequality
EXIST2022	497	ideological-inequality
EXIST2022	498	ideological-inequality
EXIST2022	499	ideological-inequality
EXIST2022	500	ideological-inequality
EXIST2022	501	ideological-inequality
EXIST2022	502	objectification
EXIST2022	503	ideological-inequality
EXIST2022	504	ideological-inequality
EXIST2022	505	ideological-inequality
EXIST2022	506	ideological-inequality
EXIST2022	507	ideological-inequality
EXIST2022	508	ideological-inequality
EXIST2022	509	non-sexist
EXIST2022	510	ideological-inequality
EXIST2022	511	ideological-inequality
EXIST2022	512	ideological-inequality
EXIST2022	513	sexual-violence
EXIST2022	514	ideological-inequality
EXIST2022	515	misogyny-non-sexual-violence
EXIST2022	516	stereotyping-dominance
EXIST2022	517	stereotyping-dominance
EXIST2022	518	ideological-inequality
EXIST2022	519	ideological-inequality
EXIST2022	520	objectification
EXIST2022	521	ideological-inequality
EXIST2022	522	objectification
EXIST2022	523	ideological-inequality
EXIST2022	524	ideological-inequality
EXIST2022	525	ideological-inequality
EXIST2022	526	ideological-inequality
EXIST2022	527	ideological-inequality
EXIST2022	528	ideological-inequality
EXIST2022	529	ideological-inequality
EXIST2022	530	ideological-inequality
EXIST2022	531	ideological-inequality
EXIST2022	532	sexual-violence
EXIST2022	533	sexual-violence
EXIST2022	534	stereotyping-dominance
EXIST2022	535	non-sexist
EXIST2022	536	ideological-inequality
EXIST2022	537	misogyny-non-sexual-violence
EXIST2022	538	ideological-inequality
EXIST2022	539	ideological-inequality
EXIST2022	540	ideological-inequality
EXIST2022	541	sexual-violence
EXIST2022	542	non-sexist
EXIST2022	543	ideological-inequality
EXIST2022	544	ideological-inequality
EXIST2022	545	objectification
EXIST2022	546	ideological-inequality
EXIST2022	547	misogyny-non-sexual-violence
EXIST2022	548	stereotyping-dominance
EXIST2022	549	non-sexist
EXIST2022	550	non-sexist
EXIST2022	551	ideological-inequality
EXIST2022	552	misogyny-non-sexual-violence
EXIST2022	553	ideological-inequality
EXIST2022	554	stereotyping-dominance
EXIST2022	555	ideological-inequality
EXIST2022	556	ideological-inequality
EXIST2022	557	non-sexist
EXIST2022	558	misogyny-non-sexual-violence
EXIST2022	559	misogyny-non-sexual-violence
EXIST2022	560	non-sexist
EXIST2022	561	ideological-inequality
EXIST2022	562	misogyny-non-sexual-violence
EXIST2022	563	stereotyping-dominance
EXIST2022	564	objectification
EXIST2022	565	sexual-violence
EXIST2022	566	misogyny-non-sexual-violence
EXIST2022	567	sexual-violence
EXIST2022	568	sexual-violence
EXIST2022	569	ideological-inequality
EXIST2022	570	stereotyping-dominance
EXIST2022	571	ideological-inequality
EXIST2022	572	sexual-violence
EXIST2022	573	ideological-inequality
EXIST2022	574	misogyny-non-sexual-violence
EXIST2022	575	ideological-inequality
EXIST2022	576	ideological-inequality
EXIST2022	577	ideological-inequality
EXIST2022	578	stereotyping-dominance
EXIST2022	579	ideological-inequality
EXIST2022	580	ideological-inequality
EXIST2022	581	ideological-inequality
EXIST2022	582	misogyny-non-sexual-violence
EXIST2022	583	ideological-inequality
EXIST2022	584	ideological-inequality
EXIST2022	585	misogyny-non-sexual-violence
EXIST2022	586	ideological-inequality
EXIST2022	587	ideological-inequality
EXIST2022	588	misogyny-non-sexual-violence
EXIST2022	589	ideological-inequality
EXIST2022	590	sexual-violence
EXIST2022	591	non-sexist
EXIST2022	592	ideological-inequality
EXIST2022	593	non-sexist
EXIST2022	594	stereotyping-dominance
EXIST2022	595	ideological-inequality
EXIST2022	596	misogyny-non-sexual-violence
EXIST2022	597	ideological-inequality
EXIST2022	598	ideological-inequality
EXIST2022	599	misogyny-non-sexual-violence
EXIST2022	600	ideological-inequality
EXIST2022	601	stereotyping-dominance
EXIST2022	602	ideological-inequality
EXIST2022	603	misogyny-non-sexual-violence
EXIST2022	604	non-sexist
EXIST2022	605	misogyny-non-sexual-violence
EXIST2022	606	ideological-inequality
EXIST2022	607	ideological-inequality
EXIST2022	608	ideological-inequality
EXIST2022	609	stereotyping-dominance
EXIST2022	610	stereotyping-dominance
EXIST2022	611	objectification
EXIST2022	612	ideological-inequality
EXIST2022	613	ideological-inequality
EXIST2022	614	ideological-inequality
EXIST2022	615	non-sexist
EXIST2022	616	ideological-inequality
EXIST2022	617	ideological-inequality
EXIST2022	618	stereotyping-dominance
EXIST2022	619	ideological-inequality
EXIST2022	620	ideological-inequality
EXIST2022	621	non-sexist
EXIST2022	622	misogyny-non-sexual-violence
EXIST2022	623	ideological-inequality
EXIST2022	624	misogyny-non-sexual-violence
EXIST2022	625	ideological-inequality
EXIST2022	626	non-sexist
EXIST2022	627	ideological-inequality
EXIST2022	628	ideological-inequality
EXIST2022	629	ideological-inequality
EXIST2022	630	ideological-inequality
EXIST2022	631	objectification
EXIST2022	632	ideological-inequality
EXIST2022	633	objectification
EXIST2022	634	non-sexist
EXIST2022	635	ideological-inequality
EXIST2022	636	sexual-violence
EXIST2022	637	ideological-inequality
EXIST2022	638	sexual-violence
EXIST2022	639	misogyny-non-sexual-violence
EXIST2022	640	stereotyping-dominance
EXIST2022	641	ideological-inequality
EXIST2022	642	ideological-inequality
EXIST2022	643	ideological-inequality
EXIST2022	644	stereotyping-dominance
EXIST2022	645	ideological-inequality
EXIST2022	646	ideological-inequality
EXIST2022	647	objectification
EXIST2022	648	sexual-violence
EXIST2022	649	ideological-inequality
EXIST2022	650	stereotyping-dominance
EXIST2022	651	stereotyping-dominance
EXIST2022	652	ideological-inequality
EXIST2022	653	non-sexist
EXIST2022	654	ideological-inequality
EXIST2022	655	stereotyping-dominance
EXIST2022	656	non-sexist
EXIST2022	657	ideological-inequality
EXIST2022	658	non-sexist
EXIST2022	659	ideological-inequality
EXIST2022	660	stereotyping-dominance
EXIST2022	661	ideological-inequality
EXIST2022	662	misogyny-non-sexual-violence
EXIST2022	663	stereotyping-dominance
EXIST2022	664	ideological-inequality
EXIST2022	665	ideological-inequality
EXIST2022	666	ideological-inequality
EXIST2022	667	ideological-inequality
EXIST2022	668	ideological-inequality
EXIST2022	669	objectification
EXIST2022	670	ideological-inequality
EXIST2022	671	ideological-inequality
EXIST2022	672	stereotyping-dominance
EXIST2022	673	non-sexist
EXIST2022	674	ideological-inequality
EXIST2022	675	non-sexist
EXIST2022	676	non-sexist
EXIST2022	677	objectification
EXIST2022	678	non-sexist
EXIST2022	679	stereotyping-dominance
EXIST2022	680	misogyny-non-sexual-violence
EXIST2022	681	sexual-violence
EXIST2022	682	stereotyping-dominance
EXIST2022	683	ideological-inequality
EXIST2022	684	ideological-inequality
EXIST2022	685	ideological-inequality
EXIST2022	686	misogyny-non-sexual-violence
EXIST2022	687	ideological-inequality
EXIST2022	688	stereotyping-dominance
EXIST2022	689	stereotyping-dominance
EXIST2022	690	misogyny-non-sexual-violence
EXIST2022	691	ideological-inequality
EXIST2022	692	ideological-inequality
EXIST2022	693	misogyny-non-sexual-violence
EXIST2022	694	non-sexist
EXIST2022	695	objectification
EXIST2022	696	ideological-inequality
EXIST2022	697	ideological-inequality
EXIST2022	698	ideological-inequality
EXIST2022	699	ideological-inequality
EXIST2022	700	ideological-inequality
EXIST2022	701	ideological-inequality
EXIST2022	702	ideological-inequality
EXIST2022	703	misogyny-non-sexual-violence
EXIST2022	704	objectification
EXIST2022	705	ideological-inequality
EXIST2022	706	misogyny-non-sexual-violence
EXIST2022	707	stereotyping-dominance
EXIST2022	708	ideological-inequality
EXIST2022	709	ideological-inequality
EXIST2022	710	ideological-inequality
EXIST2022	711	objectification
EXIST2022	712	non-sexist
EXIST2022	713	ideological-inequality
EXIST2022	714	stereotyping-dominance
EXIST2022	715	ideological-inequality
EXIST2022	716	ideological-inequality
EXIST2022	717	ideological-inequality
EXIST2022	718	ideological-inequality
EXIST2022	719	non-sexist
EXIST2022	720	stereotyping-dominance
EXIST2022	721	objectification
EXIST2022	722	sexual-violence
EXIST2022	723	ideological-inequality
EXIST2022	724	stereotyping-dominance
EXIST2022	725	non-sexist
EXIST2022	726	non-sexist
EXIST2022	727	ideological-inequality
EXIST2022	728	ideological-inequality
EXIST2022	729	ideological-inequality
EXIST2022	730	ideological-inequality
EXIST2022	731	ideological-inequality
EXIST2022	732	ideological-inequality
EXIST2022	733	ideological-inequality
EXIST2022	734	ideological-inequality
EXIST2022	735	non-sexist
EXIST2022	736	misogyny-non-sexual-violence
EXIST2022	737	ideological-inequality
EXIST2022	738	ideological-inequality
EXIST2022	739	ideological-inequality
EXIST2022	740	ideological-inequality
EXIST2022	741	ideological-inequality
EXIST2022	742	objectification
EXIST2022	743	ideological-inequality
EXIST2022	744	misogyny-non-sexual-violence
EXIST2022	745	stereotyping-dominance
EXIST2022	746	sexual-violence
EXIST2022	747	non-sexist
EXIST2022	748	stereotyping-dominance
EXIST2022	749	ideological-inequality
EXIST2022	750	ideological-inequality
EXIST2022	751	stereotyping-dominance
EXIST2022	752	misogyny-non-sexual-violence
EXIST2022	753	misogyny-non-sexual-violence
EXIST2022	754	ideological-inequality
EXIST2022	755	ideological-inequality
EXIST2022	756	ideological-inequality
EXIST2022	757	stereotyping-dominance
EXIST2022	758	ideological-inequality
EXIST2022	759	ideological-inequality
EXIST2022	760	ideological-inequality
EXIST2022	761	ideological-inequality
EXIST2022	762	misogyny-non-sexual-violence
EXIST2022	763	ideological-inequality
EXIST2022	764	ideological-inequality
EXIST2022	765	misogyny-non-sexual-violence
EXIST2022	766	non-sexist
EXIST2022	767	non-sexist
EXIST2022	768	non-sexist
EXIST2022	769	ideological-inequality
EXIST2022	770	ideological-inequality
EXIST2022	771	ideological-inequality
EXIST2022	772	ideological-inequality
EXIST2022	773	ideological-inequality
EXIST2022	774	sexual-violence
EXIST2022	775	non-sexist
EXIST2022	776	objectification
EXIST2022	777	ideological-inequality
EXIST2022	778	ideological-inequality
EXIST2022	779	sexual-violence
EXIST2022	780	stereotyping-dominance
EXIST2022	781	ideological-inequality
EXIST2022	782	stereotyping-dominance
EXIST2022	783	ideological-inequality
EXIST2022	784	non-sexist
EXIST2022	785	ideological-inequality
EXIST2022	786	misogyny-non-sexual-violence
EXIST2022	787	ideological-inequality
EXIST2022	788	ideological-inequality
EXIST2022	789	non-sexist
EXIST2022	790	non-sexist
EXIST2022	791	misogyny-non-sexual-violence
EXIST2022	792	stereotyping-dominance
EXIST2022	793	stereotyping-dominance
EXIST2022	794	objectification
EXIST2022	795	ideological-inequality
EXIST2022	796	ideological-inequality
EXIST2022	797	sexual-violence
EXIST2022	798	ideological-inequality
EXIST2022	799	stereotyping-dominance
EXIST2022	800	non-sexist
EXIST2022	801	objectification
EXIST2022	802	objectification
EXIST2022	803	ideological-inequality
EXIST2022	804	ideological-inequality
EXIST2022	805	misogyny-non-sexual-violence
EXIST2022	806	ideological-inequality
EXIST2022	807	stereotyping-dominance
EXIST2022	808	ideological-inequality
EXIST2022	809	misogyny-non-sexual-violence
EXIST2022	810	objectification
EXIST2022	811	ideological-inequality
EXIST2022	812	misogyny-non-sexual-violence
EXIST2022	813	non-sexist
EXIST2022	814	non-sexist
EXIST2022	815	ideological-inequality
EXIST2022	816	misogyny-non-sexual-violence
EXIST2022	817	ideological-inequality
EXIST2022	818	stereotyping-dominance
EXIST2022	819	ideological-inequality
EXIST2022	820	ideological-inequality
EXIST2022	821	ideological-inequality
EXIST2022	822	objectification
EXIST2022	823	ideological-inequality
EXIST2022	824	non-sexist
EXIST2022	825	ideological-inequality
EXIST2022	826	ideological-inequality
EXIST2022	827	ideological-inequality
EXIST2022	828	ideological-inequality
EXIST2022	829	non-sexist
EXIST2022	830	ideological-inequality
EXIST2022	831	ideological-inequality
EXIST2022	832	non-sexist
EXIST2022	833	ideological-inequality
EXIST2022	834	misogyny-non-sexual-violence
EXIST2022	835	ideological-inequality
EXIST2022	836	non-sexist
EXIST2022	837	non-sexist
EXIST2022	838	stereotyping-dominance
EXIST2022	839	non-sexist
EXIST2022	840	misogyny-non-sexual-violence
EXIST2022	841	stereotyping-dominance
EXIST2022	842	stereotyping-dominance
EXIST2022	843	ideological-inequality
EXIST2022	844	objectification
EXIST2022	845	ideological-inequality
EXIST2022	846	misogyny-non-sexual-violence
EXIST2022	847	non-sexist
EXIST2022	848	ideological-inequality
EXIST2022	849	objectification
EXIST2022	850	ideological-inequality
EXIST2022	851	misogyny-non-sexual-violence
EXIST2022	852	ideological-inequality
EXIST2022	853	ideological-inequality
EXIST2022	854	non-sexist
EXIST2022	855	ideological-inequality
EXIST2022	856	ideological-inequality
EXIST2022	857	misogyny-non-sexual-violence
EXIST2022	858	misogyny-non-sexual-violence
EXIST2022	859	sexual-violence
EXIST2022	860	ideological-inequality
EXIST2022	861	stereotyping-dominance
EXIST2022	862	ideological-inequality
EXIST2022	863	ideological-inequality
EXIST2022	864	ideological-inequality
EXIST2022	865	stereotyping-dominance
EXIST2022	866	stereotyping-dominance
EXIST2022	867	sexual-violence
EXIST2022	868	ideological-inequality
EXIST2022	869	ideological-inequality
EXIST2022	870	misogyny-non-sexual-violence
EXIST2022	871	ideological-inequality
EXIST2022	872	ideological-inequality
EXIST2022	873	ideological-inequality
EXIST2022	874	misogyny-non-sexual-violence
EXIST2022	875	stereotyping-dominance
EXIST2022	876	ideological-inequality
EXIST2022	877	ideological-inequality
EXIST2022	878	ideological-inequality
EXIST2022	879	ideological-inequality
EXIST2022	880	non-sexist
EXIST2022	881	sexual-violence
EXIST2022	882	ideological-inequality
EXIST2022	883	ideological-inequality
EXIST2022	884	ideological-inequality
EXIST2022	885	objectification
EXIST2022	886	ideological-inequality
EXIST2022	887	non-sexist
EXIST2022	888	objectification
EXIST2022	889	non-sexist
EXIST2022	890	sexual-violence
EXIST2022	891	ideological-inequality
EXIST2022	892	non-sexist
EXIST2022	893	ideological-inequality
EXIST2022	894	ideological-inequality
EXIST2022	895	sexual-violence
EXIST2022	896	ideological-inequality
EXIST2022	897	stereotyping-dominance
EXIST2022	898	non-sexist
EXIST2022	899	ideological-inequality
EXIST2022	900	misogyny-non-sexual-violence
EXIST2022	901	non-sexist
EXIST2022	902	ideological-inequality
EXIST2022	903	objectification
EXIST2022	904	stereotyping-dominance
EXIST2022	905	stereotyping-dominance
EXIST2022	906	ideological-inequality
EXIST2022	907	ideological-inequality
EXIST2022	908	ideological-inequality
EXIST2022	909	ideological-inequality
EXIST2022	910	non-sexist
EXIST2022	911	ideological-inequality
EXIST2022	912	misogyny-non-sexual-violence
EXIST2022	913	stereotyping-dominance
EXIST2022	914	ideological-inequality
EXIST2022	915	misogyny-non-sexual-violence
EXIST2022	916	non-sexist
EXIST2022	917	ideological-inequality
EXIST2022	918	stereotyping-dominance
EXIST2022	919	ideological-inequality
EXIST2022	920	ideological-inequality
EXIST2022	921	ideological-inequality
EXIST2022	922	objectification
EXIST2022	923	ideological-inequality
EXIST2022	924	misogyny-non-sexual-violence
EXIST2022	925	sexual-violence
EXIST2022	926	ideological-inequality
EXIST2022	927	objectification
EXIST2022	928	non-sexist
EXIST2022	929	stereotyping-dominance
EXIST2022	930	ideological-inequality
EXIST2022	931	stereotyping-dominance
EXIST2022	932	non-sexist
EXIST2022	933	non-sexist
EXIST2022	934	objectification
EXIST2022	935	ideological-inequality
EXIST2022	936	misogyny-non-sexual-violence
EXIST2022	937	ideological-inequality
EXIST2022	938	sexual-violence
EXIST2022	939	ideological-inequality
EXIST2022	940	ideological-inequality
EXIST2022	941	stereotyping-dominance
EXIST2022	942	non-sexist
EXIST2022	943	ideological-inequality
EXIST2022	944	objectification
EXIST2022	945	stereotyping-dominance
EXIST2022	946	non-sexist
EXIST2022	947	ideological-inequality
EXIST2022	948	ideological-inequality
EXIST2022	949	ideological-inequality
EXIST2022	950	non-sexist
EXIST2022	951	non-sexist
EXIST2022	952	stereotyping-dominance
EXIST2022	953	ideological-inequality
EXIST2022	954	sexual-violence
EXIST2022	955	misogyny-non-sexual-violence
EXIST2022	956	objectification
EXIST2022	957	ideological-inequality
EXIST2022	958	ideological-inequality
EXIST2022	959	ideological-inequality
EXIST2022	960	non-sexist
EXIST2022	961	ideological-inequality
EXIST2022	962	ideological-inequality
EXIST2022	963	misogyny-non-sexual-violence
EXIST2022	964	ideological-inequality
EXIST2022	965	ideological-inequality
EXIST2022	966	ideological-inequality
EXIST2022	967	objectification
EXIST2022	968	ideological-inequality
EXIST2022	969	stereotyping-dominance
EXIST2022	970	ideological-inequality
EXIST2022	971	stereotyping-dominance
EXIST2022	972	ideological-inequality
EXIST2022	973	ideological-inequality
EXIST2022	974	ideological-inequality
EXIST2022	975	stereotyping-dominance
EXIST2022	976	ideological-inequality
EXIST2022	977	ideological-inequality
EXIST2022	978	ideological-inequality
EXIST2022	979	ideological-inequality
EXIST2022	980	ideological-inequality
EXIST2022	981	ideological-inequality
EXIST2022	982	ideological-inequality
EXIST2022	983	ideological-inequality
EXIST2022	984	misogyny-non-sexual-violence
EXIST2022	985	ideological-inequality
EXIST2022	986	sexual-violence
EXIST2022	987	stereotyping-dominance
EXIST2022	988	non-sexist
EXIST2022	989	non-sexist
EXIST2022	990	stereotyping-dominance
EXIST2022	991	sexual-violence
EXIST2022	992	ideological-inequality
EXIST2022	993	ideological-inequality
EXIST2022	994	ideological-inequality
EXIST2022	995	stereotyping-dominance
EXIST2022	996	stereotyping-dominance
EXIST2022	997	non-sexist
EXIST2022	998	ideological-inequality
EXIST2022	999	ideological-inequality
EXIST2022	1000	non-sexist
EXIST2022	1001	ideological-inequality
EXIST2022	1002	stereotyping-dominance
EXIST2022	1003	ideological-inequality
EXIST2022	1004	non-sexist
EXIST2022	1005	stereotyping-dominance
EXIST2022	1006	misogyny-non-sexual-violence
EXIST2022	1007	ideological-inequality
EXIST2022	1008	ideological-inequality
EXIST2022	1009	ideological-inequality
EXIST2022	1010	non-sexist
EXIST2022	1011	objectification
EXIST2022	1012	ideological-inequality
EXIST2022	1013	ideological-inequality
EXIST2022	1014	misogyny-non-sexual-violence
EXIST2022	1015	sexual-violence
EXIST2022	1016	stereotyping-dominance
EXIST2022	1017	ideological-inequality
EXIST2022	1018	sexual-violence
EXIST2022	1019	non-sexist
EXIST2022	1020	ideological-inequality
EXIST2022	1021	stereotyping-dominance
EXIST2022	1022	stereotyping-dominance
EXIST2022	1023	stereotyping-dominance
EXIST2022	1024	ideological-inequality
EXIST2022	1025	misogyny-non-sexual-violence
EXIST2022	1026	stereotyping-dominance
EXIST2022	1027	ideological-inequality
EXIST2022	1028	non-sexist
EXIST2022	1029	ideological-inequality
EXIST2022	1030	stereotyping-dominance
EXIST2022	1031	ideological-inequality
EXIST2022	1032	objectification
EXIST2022	1033	ideological-inequality
EXIST2022	1034	ideological-inequality
EXIST2022	1035	ideological-inequality
EXIST2022	1036	ideological-inequality
EXIST2022	1037	ideological-inequality
EXIST2022	1038	objectification
EXIST2022	1039	ideological-inequality
EXIST2022	1040	objectification
EXIST2022	1041	ideological-inequality
EXIST2022	1042	stereotyping-dominance
EXIST2022	1043	stereotyping-dominance
EXIST2022	1044	misogyny-non-sexual-violence
EXIST2022	1045	non-sexist
EXIST2022	1046	stereotyping-dominance
EXIST2022	1047	non-sexist
EXIST2022	1048	ideological-inequality
EXIST2022	1049	ideological-inequality
EXIST2022	1050	ideological-inequality
EXIST2022	1051	sexual-violence
EXIST2022	1052	misogyny-non-sexual-violence
EXIST2022	1053	misogyny-non-sexual-violence
EXIST2022	1054	misogyny-non-sexual-violence
EXIST2022	1055	stereotyping-dominance
EXIST2022	1056	sexual-violence
EXIST2022	1057	misogyny-non-sexual-violence
